model,reference_date,horizon,target_end_date,location,observed,median,absolute_error,squared_error,wis,lower_95,upper_95,coverage_95,width_95
ARIMAX: surveillance + seasonal,2025-09-27,1,2025-10-04,US,976,1501,525,275625,585.8591666666667,0,7626,TRUE,7626
ARIMAX: surveillance + seasonal,2025-09-27,2,2025-10-11,US,1016,3132,2116,4477456,1362.2416666666666,0,14534,TRUE,14534
ARIMAX: surveillance + seasonal,2025-09-27,3,2025-10-18,US,1119,5200,4081,16654561,2285.13375,0,20149,TRUE,20149
ARIMAX: surveillance + seasonal,2025-10-04,1,2025-10-11,US,1016,2428,1412,1993744,857.2366666666667,0,8490,TRUE,8490
ARIMAX: surveillance + seasonal,2025-10-04,2,2025-10-18,US,1119,4498,3379,11417641,1874.5600000000004,0,15778,TRUE,15778
ARIMAX: surveillance + seasonal,2025-10-04,3,2025-10-25,US,1199,6788,5589,31236921,3014.5941666666663,0,21574,TRUE,21574
ARIMAX: surveillance + seasonal,2025-10-11,1,2025-10-18,US,1119,2298,1179,1390041,771.3770833333332,0,8307,TRUE,8307
ARIMAX: surveillance + seasonal,2025-10-11,2,2025-10-25,US,1199,4551,3352,11235904,1863.9816666666668,0,15750,TRUE,15750
ARIMAX: surveillance + seasonal,2025-10-11,3,2025-11-01,US,1358,7232,5874,34503876,3169.3412499999995,0,21929,TRUE,21929
ARIMAX: surveillance + seasonal,2025-10-18,1,2025-10-25,US,1199,2637,1438,2067844,869.0066666666667,0,8594,TRUE,8594
ARIMAX: surveillance + seasonal,2025-10-18,2,2025-11-01,US,1358,5226,3868,14961424,2103.2304166666663,0,16337,TRUE,16337
ARIMAX: surveillance + seasonal,2025-10-18,3,2025-11-08,US,1787,8163,6376,40653376,3449.779583333333,0,22755,TRUE,22755
ARIMAX: surveillance + seasonal,2025-10-25,1,2025-11-01,US,1358,2896,1538,2365444,907.0591666666666,0,8806,TRUE,8806
ARIMAX: surveillance + seasonal,2025-10-25,2,2025-11-08,US,1787,5700,3913,15311569,2138.367083333333,0,16735,TRUE,16735
ARIMAX: surveillance + seasonal,2025-10-25,3,2025-11-15,US,2487,9114,6627,43917129,3612.938333333333,0,23632,TRUE,23632
ARIMAX: surveillance + seasonal,2025-11-01,1,2025-11-08,US,1787,3194,1407,1979649,868.2383333333333,0,9060,TRUE,9060
ARIMAX: surveillance + seasonal,2025-11-01,2,2025-11-15,US,2487,6469,3982,15856324,2186.210833333333,0,17446,TRUE,17446
ARIMAX: surveillance + seasonal,2025-11-01,3,2025-11-22,US,3584,9817,6233,38850289,3392.4395833333333,0,24285,TRUE,24285
ARIMAX: surveillance + seasonal,2025-11-08,1,2025-11-15,US,2487,4177,1690,2856100,983.1341666666668,0,9998,TRUE,9998
ARIMAX: surveillance + seasonal,2025-11-08,2,2025-11-22,US,3584,7359,3775,14250625,2093.776666666666,0,18272,TRUE,18272
ARIMAX: surveillance + seasonal,2025-11-08,3,2025-11-29,US,5220,10769,5549,30791401,3054.5908333333336,0,25184,TRUE,25184
ARIMAX: surveillance + seasonal,2025-11-15,1,2025-11-22,US,3584,4861,1277,1630729,836.3316666666668,0,10638,TRUE,10638
ARIMAX: surveillance + seasonal,2025-11-15,2,2025-11-29,US,5220,8134,2914,8491396,1737.7320833333335,0,19013,TRUE,19013
ARIMAX: surveillance + seasonal,2025-11-15,3,2025-12-06,US,7449,11573,4124,17007376,2417.0958333333333,0,25982,TRUE,25982
ARIMAX: surveillance + seasonal,2025-11-22,1,2025-11-29,US,5220,6062,842,708964,714.6020833333333,330,11793,TRUE,11463
ARIMAX: surveillance + seasonal,2025-11-22,2,2025-12-06,US,7449,9361,1912,3655744,1423.7695833333335,0,20167,TRUE,20167
ARIMAX: surveillance + seasonal,2025-11-22,3,2025-12-13,US,11156,12641,1485,2205225,1657.4304166666668,0,26979,TRUE,26979
ARIMAX: surveillance + seasonal,2025-11-29,1,2025-12-06,US,7449,7952,503,253009,645.5683333333333,2269,13635,TRUE,11366
ARIMAX: surveillance + seasonal,2025-11-29,2,2025-12-13,US,11156,11106,50,2500,1120.6766666666667,376,21836,TRUE,21460
ARIMAX: surveillance + seasonal,2025-11-29,3,2025-12-20,US,21083,14174,6909,47734281,3812.817083333333,0,28433,TRUE,28433
ARIMAX: surveillance + seasonal,2025-12-06,1,2025-12-13,US,11156,10269,887,786769,717.9366666666666,4635,15903,TRUE,11268
ARIMAX: surveillance + seasonal,2025-12-06,2,2025-12-20,US,21083,13257,7826,61246276,4660.077916666666,2611,23902,TRUE,21291
ARIMAX: surveillance + seasonal,2025-12-06,3,2025-12-27,US,37602,16003,21599,466516801,16419.35583333333,1845,30161,FALSE,28316
ARIMAX: surveillance + seasonal,2025-12-13,1,2025-12-20,US,21083,14727,6356,40398736,4334.383333333333,9137,20317,FALSE,11180
ARIMAX: surveillance + seasonal,2025-12-13,2,2025-12-27,US,37602,17599,20003,400120009,16141.627499999997,7043,28155,FALSE,21112
ARIMAX: surveillance + seasonal,2025-12-13,3,2026-01-03,US,42634,19703,22931,525830761,17799.743749999998,5675,33730,FALSE,28055
ARIMAX: surveillance + seasonal,2025-12-20,1,2025-12-27,US,37602,28106,9496,90174016,7387.992499999999,22343,33869,FALSE,11526
ARIMAX: surveillance + seasonal,2025-12-20,2,2026-01-03,US,42634,30948,11686,136562596,7810.96625,20079,41818,FALSE,21739
ARIMAX: surveillance + seasonal,2025-12-20,3,2026-01-10,US,29933,29448,485,235225,1538.3187500000001,15070,43825,TRUE,28755
ARIMAX: surveillance + seasonal,2025-12-27,1,2026-01-03,US,42634,48529,5895,34751025,3802.490416666667,42483,54574,TRUE,12091
ARIMAX: surveillance + seasonal,2025-12-27,2,2026-01-10,US,29933,48846,18913,357701569,14383.722500000002,36465,61227,FALSE,24762
ARIMAX: surveillance + seasonal,2025-12-27,3,2026-01-17,US,19754,44882,25128,631416384,18834.395833333332,27678,62086,FALSE,34408
ARIMAX: surveillance + seasonal,2026-01-03,1,2026-01-10,US,29933,39468,9535,90916225,7273.3812499999995,33286,45649,FALSE,12363
ARIMAX: surveillance + seasonal,2026-01-03,2,2026-01-17,US,19754,37104,17350,301022500,12980.695000000002,25160,49048,FALSE,23888
ARIMAX: surveillance + seasonal,2026-01-03,3,2026-01-24,US,16819,34404,17585,309232225,11923.94208333333,18685,50122,FALSE,31437
ARIMAX: surveillance + seasonal,2026-01-10,1,2026-01-17,US,19754,21215,1461,2134521,951.0341666666667,14742,27688,TRUE,12946
ARIMAX: surveillance + seasonal,2026-01-10,2,2026-01-24,US,16819,20210,3391,11498881,2036.5391666666665,7584,32836,TRUE,25252
ARIMAX: surveillance + seasonal,2026-01-10,3,2026-01-31,US,15751,20942,5191,26946481,2964.5295833333334,4715,37170,TRUE,32455
ARIMAX: surveillance + seasonal,2026-01-17,1,2026-01-24,US,16819,17779,960,921600,806.0899999999998,11351,24207,TRUE,12856
ARIMAX: surveillance + seasonal,2026-01-17,2,2026-01-31,US,15751,18707,2956,8737936,1886.4820833333335,6137,31278,TRUE,25141
ARIMAX: surveillance + seasonal,2026-01-17,3,2026-02-07,US,16121,17867,1746,3048516,1893.9020833333332,1637,34096,TRUE,32459
ARIMAX: surveillance + seasonal,2026-01-24,1,2026-01-31,US,15751,18837,3086,9523396,1705.3225,12546,25128,TRUE,12582
ARIMAX: surveillance + seasonal,2026-01-24,2,2026-02-07,US,16121,18453,2332,5438224,1705.9437500000001,5701,31204,TRUE,25503
ARIMAX: surveillance + seasonal,2026-01-24,3,2026-02-14,US,16436,18044,1608,2585664,1946.7404166666665,1040,35047,TRUE,34007
ARIMAX: surveillance + seasonal,2026-01-31,1,2026-02-07,US,16121,13597,2524,6370576,1393.1066666666666,7260,19934,TRUE,12674
ARIMAX: surveillance + seasonal,2026-01-31,2,2026-02-14,US,16436,13874,2562,6563844,1743.75375,1452,26295,TRUE,24843
ARIMAX: surveillance + seasonal,2026-01-31,3,2026-02-21,US,14731,17048,2317,5368489,1992.252083333333,985,33112,TRUE,32127
ARIMAX: surveillance + seasonal,2026-02-07,1,2026-02-14,US,16436,18251,1815,3294225,1067.7462500000004,11941,24560,TRUE,12619
ARIMAX: surveillance + seasonal,2026-02-07,2,2026-02-21,US,14731,21260,6529,42627841,3622.462916666667,8908,33613,TRUE,24705
ARIMAX: surveillance + seasonal,2026-02-07,3,2026-02-28,US,11159,24360,13201,174266401,8089.7375,8422,40298,TRUE,31876
ARIMAX: surveillance + seasonal,2026-02-14,1,2026-02-21,US,14731,18133,3402,11573604,1896.9633333333331,11856,24410,TRUE,12554
ARIMAX: surveillance + seasonal,2026-02-14,2,2026-02-28,US,11159,21259,10100,102010000,6180.629166666668,8988,33530,TRUE,24542
ARIMAX: surveillance + seasonal,2026-02-14,3,2026-03-07,US,9598,23426,13828,191213584,8619.373749999999,7606,39247,TRUE,31641
ARIMAX: surveillance + seasonal,2026-02-21,1,2026-02-28,US,11159,15700,4541,20620681,2692.9891666666663,9429,21971,TRUE,12542
ARIMAX: surveillance + seasonal,2026-02-21,2,2026-03-07,US,9598,17930,8332,69422224,4850.912083333333,5628,30231,TRUE,24603
ARIMAX: surveillance + seasonal,2026-02-21,3,2026-03-14,US,7793,19667,11874,140991876,7106.034999999999,3829,35505,TRUE,31676
ARIMAX: surveillance + seasonal,2026-02-28,1,2026-03-07,US,9598,10499,901,811801,779.1695833333334,4210,16789,TRUE,12579
ARIMAX: surveillance + seasonal,2026-02-28,2,2026-03-14,US,7793,12391,4598,21141604,2554.7070833333332,0,24839,TRUE,24839
ARIMAX: surveillance + seasonal,2026-02-28,3,2026-03-21,US,6088,14446,8358,69856164,4624.630416666666,0,30591,TRUE,30591
ARIMAX: surveillance + seasonal,2026-03-07,1,2026-03-14,US,7793,10840,3047,9284209,1682.9887500000004,4593,17086,TRUE,12493
ARIMAX: surveillance + seasonal,2026-03-07,2,2026-03-21,US,6088,12922,6834,46703556,3822.476250000001,544,25301,TRUE,24757
ARIMAX: surveillance + seasonal,2026-03-07,3,2026-03-28,US,3306,14311,11005,121110025,6418.16,0,30400,TRUE,30400
ARIMAX: surveillance + seasonal,2026-03-14,1,2026-03-21,US,6088,7504,1416,2005056,919.1054166666667,1265,13742,TRUE,12477
ARIMAX: surveillance + seasonal,2026-03-14,2,2026-03-28,US,3306,8752,5446,29658916,2970.2929166666668,0,21147,TRUE,21147
ARIMAX: surveillance + seasonal,2026-03-14,3,2026-04-04,US,2901,10367,7466,55741156,4076.94375,0,26529,TRUE,26529
ARIMAX: surveillance + seasonal,2026-03-21,1,2026-03-28,US,3306,6240,2934,8608356,1617.135,38,12442,TRUE,12404
ARIMAX: surveillance + seasonal,2026-03-21,2,2026-04-04,US,2901,7787,4886,23872996,2670.3658333333333,0,20144,TRUE,20144
ARIMAX: surveillance + seasonal,2026-03-21,3,2026-04-11,US,2235,9046,6811,46389721,3685.06375,0,25183,TRUE,25183
ARIMAX: surveillance + seasonal,2026-03-28,1,2026-04-04,US,2901,2563,338,114244,627.89,0,8756,TRUE,8756
ARIMAX: surveillance + seasonal,2026-03-28,2,2026-04-11,US,2235,3651,1416,2005056,1289.4475,0,16016,TRUE,16016
ARIMAX: surveillance + seasonal,2026-03-28,3,2026-04-18,US,1941,5195,3254,10588516,2052.7054166666667,0,21413,TRUE,21413
ARIMAX: surveillance + seasonal,2026-04-04,1,2026-04-11,US,2235,4253,2018,4072324,1134.47,0,10404,TRUE,10404
ARIMAX: surveillance + seasonal,2026-04-04,2,2026-04-18,US,1941,5822,3881,15062161,2157.1108333333336,0,18098,TRUE,18098
ARIMAX: surveillance + seasonal,2026-04-04,3,2026-04-25,US,1877,6581,4704,22127616,2633.35,0,22676,TRUE,22676
ARIMAX: surveillance + seasonal,2026-04-11,1,2026-04-18,US,1941,2237,296,87616,604.535,0,8362,TRUE,8362
ARIMAX: surveillance + seasonal,2026-04-11,2,2026-04-25,US,1877,2883,1006,1012036,1152.1633333333332,0,15110,TRUE,15110
ARIMAX: surveillance + seasonal,2026-04-11,3,2026-05-02,US,1649,3614,1965,3861225,1604.8687499999999,0,19673,TRUE,19673
ARIMAX: surveillance + seasonal,2026-04-18,1,2026-04-25,US,1877,2358,481,231361,629.80625,0,8443,TRUE,8443
ARIMAX: surveillance + seasonal,2026-04-18,2,2026-05-02,US,1649,3069,1420,2016400,1233.4491666666665,0,15222,TRUE,15222
ARIMAX: surveillance + seasonal,2026-04-18,3,2026-05-09,US,1473,3341,1868,3489424,1558.537083333333,0,19307,TRUE,19307
ARIMAX: surveillance + seasonal,2026-04-25,1,2026-05-02,US,1649,2217,568,322624,635.23875,0,8263,TRUE,8263
ARIMAX: surveillance + seasonal,2026-04-25,2,2026-05-09,US,1473,2461,988,976144,1102.07875,0,14539,TRUE,14539
ARIMAX: surveillance + seasonal,2026-04-25,3,2026-05-16,US,1306,2371,1065,1134225,1310.055,0,18252,TRUE,18252
ARIMAX: surveillance + seasonal,2026-05-02,1,2026-05-09,US,1473,1453,20,400,520.7804166666667,0,7461,TRUE,7461
ARIMAX: surveillance + seasonal,2026-05-02,2,2026-05-16,US,1306,1334,28,784,860.6925,0,13342,TRUE,13342
ARIMAX: surveillance + seasonal,2026-05-02,3,2026-05-23,US,1250,1048,202,40804,1037.5916666666667,0,16838,TRUE,16838
ARIMAX: surveillance + seasonal,2026-05-09,1,2026-05-16,US,1306,1369,63,3969,514.31875,0,7339,TRUE,7339
ARIMAX: surveillance + seasonal,2026-05-09,2,2026-05-23,US,1250,1084,166,27556,829.90875,0,13017,TRUE,13017
ARIMAX: surveillance + seasonal,2026-05-09,3,2026-05-30,US,1060,511,549,301401,960.3675000000002,0,16202,TRUE,16202
ARIMAX: surveillance + seasonal,2026-05-16,1,2026-05-23,US,1250,972,278,77284,488.33041666666685,0,6905,TRUE,6905
ARIMAX: surveillance + seasonal,2026-05-16,2,2026-05-30,US,1060,396,664,440896,748.4091666666667,0,12254,TRUE,12254
ARIMAX: surveillance + seasonal,2026-05-16,3,2026-06-06,US,1011,0,1011,1022121,858.14,0,15228,TRUE,15228
Calibrated ARIMAX,2025-09-27,1,2025-10-04,US,976,1501,525,275625,585.8591666666667,0,7626,TRUE,7626
Calibrated ARIMAX,2025-09-27,2,2025-10-11,US,1016,3132,2116,4477456,1362.2416666666666,0,14534,TRUE,14534
Calibrated ARIMAX,2025-09-27,3,2025-10-18,US,1119,5200,4081,16654561,2285.13375,0,20149,TRUE,20149
Calibrated ARIMAX,2025-10-04,1,2025-10-11,US,1016,2428,1412,1993744,857.2366666666667,0,8490,TRUE,8490
Calibrated ARIMAX,2025-10-04,2,2025-10-18,US,1119,4498,3379,11417641,1874.5600000000004,0,15778,TRUE,15778
Calibrated ARIMAX,2025-10-04,3,2025-10-25,US,1199,6788,5589,31236921,3014.5941666666663,0,21574,TRUE,21574
Calibrated ARIMAX,2025-10-11,1,2025-10-18,US,1119,2298,1179,1390041,771.3770833333332,0,8307,TRUE,8307
Calibrated ARIMAX,2025-10-11,2,2025-10-25,US,1199,4551,3352,11235904,1863.9816666666668,0,15750,TRUE,15750
Calibrated ARIMAX,2025-10-11,3,2025-11-01,US,1358,7232,5874,34503876,3169.3412499999995,0,21929,TRUE,21929
Calibrated ARIMAX,2025-10-18,1,2025-10-25,US,1199,2637,1438,2067844,869.0066666666667,0,8594,TRUE,8594
Calibrated ARIMAX,2025-10-18,2,2025-11-01,US,1358,5226,3868,14961424,2103.2304166666663,0,16337,TRUE,16337
Calibrated ARIMAX,2025-10-18,3,2025-11-08,US,1787,8163,6376,40653376,3449.779583333333,0,22755,TRUE,22755
Calibrated ARIMAX,2025-10-25,1,2025-11-01,US,1358,2896,1538,2365444,907.0591666666666,0,8806,TRUE,8806
Calibrated ARIMAX,2025-10-25,2,2025-11-08,US,1787,5700,3913,15311569,2138.367083333333,0,16735,TRUE,16735
Calibrated ARIMAX,2025-10-25,3,2025-11-15,US,2487,9114,6627,43917129,3612.938333333333,0,23632,TRUE,23632
Calibrated ARIMAX,2025-11-01,1,2025-11-08,US,1787,3194,1407,1979649,868.2383333333333,0,9060,TRUE,9060
Calibrated ARIMAX,2025-11-01,2,2025-11-15,US,2487,6469,3982,15856324,2186.210833333333,0,17446,TRUE,17446
Calibrated ARIMAX,2025-11-01,3,2025-11-22,US,3584,9817,6233,38850289,3392.4395833333333,0,24285,TRUE,24285
Calibrated ARIMAX,2025-11-08,1,2025-11-15,US,2487,4177,1690,2856100,983.1341666666668,0,9998,TRUE,9998
Calibrated ARIMAX,2025-11-08,2,2025-11-22,US,3584,7359,3775,14250625,2093.776666666666,0,18272,TRUE,18272
Calibrated ARIMAX,2025-11-08,3,2025-11-29,US,5220,10769,5549,30791401,3054.5908333333336,0,25184,TRUE,25184
Calibrated ARIMAX,2025-11-15,1,2025-11-22,US,3584,4861,1277,1630729,836.3316666666668,0,10638,TRUE,10638
Calibrated ARIMAX,2025-11-15,2,2025-11-29,US,5220,8134,2914,8491396,1737.7320833333335,0,19013,TRUE,19013
Calibrated ARIMAX,2025-11-15,3,2025-12-06,US,7449,11573,4124,17007376,2417.0958333333333,0,25982,TRUE,25982
Calibrated ARIMAX,2025-11-22,1,2025-11-29,US,5220,6062,842,708964,714.6020833333333,330,11793,TRUE,11463
Calibrated ARIMAX,2025-11-22,2,2025-12-06,US,7449,9361,1912,3655744,1423.7695833333335,0,20167,TRUE,20167
Calibrated ARIMAX,2025-11-22,3,2025-12-13,US,11156,12641,1485,2205225,1657.4304166666668,0,26979,TRUE,26979
Calibrated ARIMAX,2025-11-29,1,2025-12-06,US,7449,7952,503,253009,645.5683333333333,2269,13635,TRUE,11366
Calibrated ARIMAX,2025-11-29,2,2025-12-13,US,11156,11106,50,2500,1120.6766666666667,376,21836,TRUE,21460
Calibrated ARIMAX,2025-11-29,3,2025-12-20,US,21083,14174,6909,47734281,3812.817083333333,0,28433,TRUE,28433
Calibrated ARIMAX,2025-12-06,1,2025-12-13,US,11156,10269,887,786769,717.9366666666666,4635,15903,TRUE,11268
Calibrated ARIMAX,2025-12-06,2,2025-12-20,US,21083,13257,7826,61246276,4660.077916666666,2611,23902,TRUE,21291
Calibrated ARIMAX,2025-12-06,3,2025-12-27,US,37602,16003,21599,466516801,16419.35583333333,1845,30161,FALSE,28316
Calibrated ARIMAX,2025-12-13,1,2025-12-20,US,21083,14727,6356,40398736,4334.383333333333,9137,20317,FALSE,11180
Calibrated ARIMAX,2025-12-13,2,2025-12-27,US,37602,17599,20003,400120009,16141.627499999997,7043,28155,FALSE,21112
Calibrated ARIMAX,2025-12-13,3,2026-01-03,US,42634,19703,22931,525830761,17799.743749999998,5675,33730,FALSE,28055
Calibrated ARIMAX,2025-12-20,1,2025-12-27,US,37602,28106,9496,90174016,7387.992499999999,22343,33869,FALSE,11526
Calibrated ARIMAX,2025-12-20,2,2026-01-03,US,42634,30948,11686,136562596,7810.96625,20079,41818,FALSE,21739
Calibrated ARIMAX,2025-12-20,3,2026-01-10,US,29933,29448,485,235225,1538.3187500000001,15070,43825,TRUE,28755
Calibrated ARIMAX,2025-12-27,1,2026-01-03,US,42634,48529,5895,34751025,3522.9883333333332,40625,56431,TRUE,15806
Calibrated ARIMAX,2025-12-27,2,2026-01-10,US,29933,48846,18913,357701569,13306.983333333335,33522,64170,FALSE,30648
Calibrated ARIMAX,2025-12-27,3,2026-01-17,US,19754,44882,25128,631416384,18360.014999999996,26381,63383,FALSE,37002
Calibrated ARIMAX,2026-01-03,1,2026-01-10,US,29933,39468,9535,90916225,6693.847916666668,31702,47233,FALSE,15531
Calibrated ARIMAX,2026-01-03,2,2026-01-17,US,19754,37104,17350,301022500,11605.705833333333,20999,53209,FALSE,32210
Calibrated ARIMAX,2026-01-03,3,2026-01-24,US,16819,34404,17585,309232225,10378.99,9680,59126,TRUE,49446
Calibrated ARIMAX,2026-01-10,1,2026-01-17,US,19754,21215,1461,2134521,1252.5066666666667,11140,31290,TRUE,20150
Calibrated ARIMAX,2026-01-10,2,2026-01-24,US,16819,20210,3391,11498881,2638.0641666666666,0,40580,TRUE,40580
Calibrated ARIMAX,2026-01-10,3,2026-01-31,US,15751,20942,5191,26946481,3529.283749999999,0,46289,TRUE,46289
Calibrated ARIMAX,2026-01-17,1,2026-01-24,US,16819,17779,960,921600,1142.2583333333332,7841,27717,TRUE,19876
Calibrated ARIMAX,2026-01-17,2,2026-01-31,US,15751,18707,2956,8737936,2478.0175000000004,0,38526,TRUE,38526
Calibrated ARIMAX,2026-01-17,3,2026-02-07,US,16121,17867,1746,3048516,2740.1687499999994,0,43039,TRUE,43039
Calibrated ARIMAX,2026-01-24,1,2026-01-31,US,15751,18837,3086,9523396,1756.5749999999998,9303,28371,TRUE,19068
Calibrated ARIMAX,2026-01-24,2,2026-02-07,US,16121,18453,2332,5438224,2322.7712500000002,0,38087,TRUE,38087
Calibrated ARIMAX,2026-01-24,3,2026-02-14,US,16436,18044,1608,2585664,2818.0245833333324,0,44231,TRUE,44231
Calibrated ARIMAX,2026-01-31,1,2026-02-07,US,16121,13597,2524,6370576,1513.1308333333334,4250,22944,TRUE,18694
Calibrated ARIMAX,2026-01-31,2,2026-02-14,US,16436,13874,2562,6563844,2280.1508333333336,0,32786,TRUE,32786
Calibrated ARIMAX,2026-01-31,3,2026-02-21,US,14731,17048,2317,5368489,2773.427083333334,0,41613,TRUE,41613
Calibrated ARIMAX,2026-02-07,1,2026-02-14,US,16436,18251,1815,3294225,1253.57,9200,27300,TRUE,18100
Calibrated ARIMAX,2026-02-07,2,2026-02-21,US,14731,21260,6529,42627841,3651.3783333333326,2546,39976,TRUE,37430
Calibrated ARIMAX,2026-02-07,3,2026-02-28,US,11159,24360,13201,174266401,7363.068333333333,115,48605,TRUE,48490
Calibrated ARIMAX,2026-02-14,1,2026-02-21,US,14731,18133,3402,11573604,1882.445,9384,26882,TRUE,17498
Calibrated ARIMAX,2026-02-14,2,2026-02-28,US,11159,21259,10100,102010000,5638.705833333333,2759,39759,TRUE,37000
Calibrated ARIMAX,2026-02-14,3,2026-03-07,US,9598,23426,13828,191213584,7796.235416666666,0,47391,TRUE,47391
Calibrated ARIMAX,2026-02-21,1,2026-02-28,US,11159,15700,4541,20620681,2525.221666666667,7214,24186,TRUE,16972
Calibrated ARIMAX,2026-02-21,2,2026-03-07,US,9598,17930,8332,69422224,4577.404583333333,0,36383,TRUE,36383
Calibrated ARIMAX,2026-02-21,3,2026-03-14,US,7793,19667,11874,140991876,6549.114583333333,0,43555,TRUE,43555
Calibrated ARIMAX,2026-02-28,1,2026-03-07,US,9598,10499,901,811801,966.2487500000002,2243,18756,TRUE,16513
Calibrated ARIMAX,2026-02-28,2,2026-03-14,US,7793,12391,4598,21141604,2830.22625,0,30971,TRUE,30971
Calibrated ARIMAX,2026-02-28,3,2026-03-21,US,6088,14446,8358,69856164,4612.399166666667,0,38692,TRUE,38692
Calibrated ARIMAX,2026-03-07,1,2026-03-14,US,7793,10840,3047,9284209,1687.8145833333338,2893,18786,TRUE,15893
Calibrated ARIMAX,2026-03-07,2,2026-03-21,US,6088,12922,6834,46703556,3768.4675,0,31306,TRUE,31306
Calibrated ARIMAX,2026-03-07,3,2026-03-28,US,3306,14311,11005,121110025,5988.711666666666,0,38368,TRUE,38368
Calibrated ARIMAX,2026-03-14,1,2026-03-21,US,6088,7504,1416,2005056,1028.8879166666666,0,15187,TRUE,15187
Calibrated ARIMAX,2026-03-14,2,2026-03-28,US,3306,8752,5446,29658916,3076.5020833333333,0,27067,TRUE,27067
Calibrated ARIMAX,2026-03-14,3,2026-04-04,US,2901,10367,7466,55741156,4140.059166666667,0,34428,TRUE,34428
Calibrated ARIMAX,2026-03-21,1,2026-03-28,US,3306,6240,2934,8608356,1615.5470833333331,0,13627,TRUE,13627
Calibrated ARIMAX,2026-03-21,2,2026-04-04,US,2901,7787,4886,23872996,2811.7179166666665,0,25953,TRUE,25953
Calibrated ARIMAX,2026-03-21,3,2026-04-11,US,2235,9046,6811,46389721,3805.594583333333,0,32965,TRUE,32965
Calibrated ARIMAX,2026-03-28,1,2026-04-04,US,2901,2563,338,114244,700.9583333333334,0,9688,TRUE,9688
Calibrated ARIMAX,2026-03-28,2,2026-04-11,US,2235,3651,1416,2005056,1636.5633333333335,0,21736,TRUE,21736
Calibrated ARIMAX,2026-03-28,3,2026-04-18,US,1941,5195,3254,10588516,2442.2912500000007,0,29129,TRUE,29129
Calibrated ARIMAX,2026-04-04,1,2026-04-11,US,2235,4253,2018,4072324,1165.405,0,11180,TRUE,11180
Calibrated ARIMAX,2026-04-04,2,2026-04-18,US,1941,5822,3881,15062161,2366.205416666667,0,23685,TRUE,23685
Calibrated ARIMAX,2026-04-04,3,2026-04-25,US,1877,6581,4704,22127616,2914.4395833333333,0,30229,TRUE,30229
Calibrated ARIMAX,2026-04-11,1,2026-04-18,US,1941,2237,296,87616,655.1808333333332,0,9036,TRUE,9036
Calibrated ARIMAX,2026-04-11,2,2026-04-25,US,1877,2883,1006,1012036,1455.0041666666666,0,20336,TRUE,20336
Calibrated ARIMAX,2026-04-11,3,2026-05-02,US,1649,3614,1965,3861225,2015.4925,0,27104,TRUE,27104
Calibrated ARIMAX,2026-04-18,1,2026-04-25,US,1877,2358,481,231361,671.54,0,9014,TRUE,9014
Calibrated ARIMAX,2026-04-18,2,2026-05-02,US,1649,3069,1420,2016400,1506.4125000000004,0,19958,TRUE,19958
Calibrated ARIMAX,2026-04-18,3,2026-05-09,US,1473,3341,1868,3489424,1938.1345833333332,0,26297,TRUE,26297
Calibrated ARIMAX,2026-04-25,1,2026-05-02,US,1649,2217,568,322624,669.06125,0,8733,TRUE,8733
Calibrated ARIMAX,2026-04-25,2,2026-05-09,US,1473,2461,988,976144,1336.7941666666668,0,18790,TRUE,18790
Calibrated ARIMAX,2026-04-25,3,2026-05-16,US,1306,2371,1065,1134225,1666.0700000000004,0,24662,TRUE,24662
Calibrated ARIMAX,2026-05-02,1,2026-05-09,US,1473,1453,20,400,544.6808333333333,0,7830,TRUE,7830
Calibrated ARIMAX,2026-05-02,2,2026-05-16,US,1306,1334,28,784,1066.3220833333335,0,17115,TRUE,17115
Calibrated ARIMAX,2026-05-02,3,2026-05-23,US,1250,1048,202,40804,1342.8095833333332,0,22671,TRUE,22671
Calibrated ARIMAX,2026-05-09,1,2026-05-16,US,1306,1369,63,3969,531.7279166666668,0,7609,TRUE,7609
Calibrated ARIMAX,2026-05-09,2,2026-05-23,US,1250,1084,166,27556,1009.6824999999999,0,16316,TRUE,16316
Calibrated ARIMAX,2026-05-09,3,2026-05-30,US,1060,511,549,301401,1234.3625,0,21462,TRUE,21462
Calibrated ARIMAX,2026-05-16,1,2026-05-23,US,1250,972,278,77284,498.4408333333333,0,7078,TRUE,7078
Calibrated ARIMAX,2026-05-16,2,2026-05-30,US,1060,396,664,440896,895.8133333333335,0,15084,TRUE,15084
Calibrated ARIMAX,2026-05-16,3,2026-06-06,US,1011,0,1011,1022121,1065.747916666667,0,19813,TRUE,19813
Activity 5 ensemble,2025-09-27,1,2025-10-04,US,976,1119,143,20449,321.14625,0,4433,TRUE,4433
Activity 5 ensemble,2025-09-27,2,2025-10-11,US,1016,1170,154,23716,551.6529166666667,0,7953,TRUE,7953
Activity 5 ensemble,2025-09-27,3,2025-10-18,US,1119,1170,51,2601,715.3620833333334,0,10937,TRUE,10937
Activity 5 ensemble,2025-10-04,1,2025-10-11,US,1016,925,91,8281,302.59166666666664,17,4233,TRUE,4216
Activity 5 ensemble,2025-10-04,2,2025-10-18,US,1119,882,237,56169,518.6529166666666,32,7653,TRUE,7621
Activity 5 ensemble,2025-10-04,3,2025-10-25,US,1199,882,317,100489,687.6091666666666,32,10630,TRUE,10598
Activity 5 ensemble,2025-10-11,1,2025-10-18,US,1119,1036,83,6889,309.89583333333337,0,4338,TRUE,4338
Activity 5 ensemble,2025-10-11,2,2025-10-25,US,1199,1063,136,18496,535.83875,0,7821,TRUE,7821
Activity 5 ensemble,2025-10-11,3,2025-11-01,US,1358,1063,295,87025,717.3704166666668,0,10793,TRUE,10793
Activity 5 ensemble,2025-10-18,1,2025-10-25,US,1199,1191,8,64,312.12125,0,4487,TRUE,4487
Activity 5 ensemble,2025-10-18,2,2025-11-01,US,1358,1210,148,21904,553.7641666666667,0,7956,TRUE,7956
Activity 5 ensemble,2025-10-18,3,2025-11-08,US,1787,1210,577,332929,762.4420833333332,0,10923,TRUE,10923
Activity 5 ensemble,2025-10-25,1,2025-11-01,US,1358,1209,149,22201,324.22208333333333,0,4499,TRUE,4499
Activity 5 ensemble,2025-10-25,2,2025-11-08,US,1787,1205,582,338724,601.055,0,7938,TRUE,7938
Activity 5 ensemble,2025-10-25,3,2025-11-15,US,2487,1205,1282,1643524,876.8029166666666,0,10899,TRUE,10899
Activity 5 ensemble,2025-11-01,1,2025-11-08,US,1787,1440,347,120409,361.4233333333334,0,4724,TRUE,4724
Activity 5 ensemble,2025-11-01,2,2025-11-15,US,2487,1476,1011,1022121,711.62125,0,8197,TRUE,8197
Activity 5 ensemble,2025-11-01,3,2025-11-22,US,3584,1476,2108,4443664,1133.6370833333337,0,11153,TRUE,11153
Activity 5 ensemble,2025-11-08,1,2025-11-15,US,2487,2012,475,225625,399.0608333333333,0,5290,TRUE,5290
Activity 5 ensemble,2025-11-08,2,2025-11-22,US,3584,2092,1492,2226064,894.0270833333333,0,8801,TRUE,8801
Activity 5 ensemble,2025-11-08,3,2025-11-29,US,5220,2092,3128,9784384,1586.707916666667,0,11751,TRUE,11751
Activity 5 ensemble,2025-11-15,1,2025-11-22,US,3584,2803,781,609961,492.96833333333325,0,6076,TRUE,6076
Activity 5 ensemble,2025-11-15,2,2025-11-29,US,5220,2903,2317,5368489,1253.475416666667,0,9601,TRUE,9601
Activity 5 ensemble,2025-11-15,3,2025-12-06,US,7449,2903,4546,20666116,2378.55625,0,12547,TRUE,12547
Activity 5 ensemble,2025-11-22,1,2025-11-29,US,5220,4083,1137,1292769,636.2008333333332,816,7350,TRUE,6534
Activity 5 ensemble,2025-11-22,2,2025-12-06,US,7449,4252,3197,10220809,1749.1425,0,10940,TRUE,10940
Activity 5 ensemble,2025-11-22,3,2025-12-13,US,11156,4252,6904,47665216,4022.688749999999,0,13883,TRUE,13883
Activity 5 ensemble,2025-11-29,1,2025-12-06,US,7449,5962,1487,2211169,818.2162499999998,2699,9226,TRUE,6527
Activity 5 ensemble,2025-11-29,2,2025-12-13,US,11156,6207,4949,24492601,2950.34625,0,12889,TRUE,12889
Activity 5 ensemble,2025-11-29,3,2025-12-20,US,21083,6207,14876,221295376,11335.869999999997,0,15830,FALSE,15830
Activity 5 ensemble,2025-12-06,1,2025-12-13,US,11156,8426,2730,7452900,1677.1508333333334,5165,11687,TRUE,6522
Activity 5 ensemble,2025-12-06,2,2025-12-20,US,21083,8738,12345,152399025,9901.949583333333,2058,15417,FALSE,13359
Activity 5 ensemble,2025-12-06,3,2025-12-27,US,37602,8738,28864,833130496,25339.760416666668,0,18361,FALSE,18361
Activity 5 ensemble,2025-12-13,1,2025-12-20,US,21083,12894,8189,67059721,6993.8675,9627,16161,FALSE,6534
Activity 5 ensemble,2025-12-13,2,2025-12-27,US,37602,13507,24095,580569025,21644.13666666667,6807,20207,FALSE,13400
Activity 5 ensemble,2025-12-13,3,2026-01-03,US,42634,13507,29127,848382129,25592.957500000004,3846,23168,FALSE,19322
Activity 5 ensemble,2025-12-20,1,2025-12-27,US,37602,26296,11306,127825636,10068.871666666668,22915,29677,FALSE,6762
Activity 5 ensemble,2025-12-20,2,2026-01-03,US,42634,28318,14316,204947856,11763.0775,21339,35297,FALSE,13958
Activity 5 ensemble,2025-12-20,3,2026-01-10,US,29933,28318,1615,2608225,1293.7666666666667,18212,38424,TRUE,20212
Activity 5 ensemble,2025-12-27,1,2026-01-03,US,42634,46596,3962,15697444,2715.1854166666667,43161,50032,FALSE,6871
Activity 5 ensemble,2025-12-27,2,2026-01-10,US,29933,51461,21528,463454784,18860.1975,44168,58754,FALSE,14586
Activity 5 ensemble,2025-12-27,3,2026-01-17,US,19754,55010,35256,1242985536,31288.219999999998,44163,65857,FALSE,21694
Activity 5 ensemble,2026-01-03,1,2026-01-10,US,29933,41737,11804,139334416,10485.446666666665,38133,45341,FALSE,7208
Activity 5 ensemble,2026-01-03,2,2026-01-17,US,19754,40311,20557,422590249,17809.602916666667,32800,47823,FALSE,15023
Activity 5 ensemble,2026-01-03,3,2026-01-24,US,16819,40311,23492,551874064,19517.3,29445,51177,FALSE,21732
Activity 5 ensemble,2026-01-10,1,2026-01-17,US,19754,20520,766,586756,523.66625,16777,24264,TRUE,7487
Activity 5 ensemble,2026-01-10,2,2026-01-24,US,16819,18762,1943,3775249,1230.5137500000003,10633,26892,TRUE,16259
Activity 5 ensemble,2026-01-10,3,2026-01-31,US,15751,21279,5528,30558784,3047.820833333333,9551,33007,TRUE,23456
Activity 5 ensemble,2026-01-17,1,2026-01-24,US,16819,19686,2867,8219689,1724.6579166666668,15941,23432,TRUE,7491
Activity 5 ensemble,2026-01-17,2,2026-01-31,US,15751,22624,6873,47238129,4248.538750000001,14566,30683,TRUE,16117
Activity 5 ensemble,2026-01-17,3,2026-02-07,US,16121,22399,6278,39413284,3504.1370833333335,10883,33914,TRUE,23031
Activity 5 ensemble,2026-01-24,1,2026-01-31,US,15751,17842,2091,4372281,1171.98125,14090,21593,TRUE,7503
Activity 5 ensemble,2026-01-24,2,2026-02-07,US,16121,17213,1092,1192464,981.9762500000002,9164,25263,TRUE,16099
Activity 5 ensemble,2026-01-24,3,2026-02-14,US,16436,16266,170,28900,1217.881666666667,4712,27820,TRUE,23108
Activity 5 ensemble,2026-01-31,1,2026-02-07,US,16121,13561,2560,6553600,1493.0795833333334,9807,17316,TRUE,7509
Activity 5 ensemble,2026-01-31,2,2026-02-14,US,16436,12257,4179,17464041,2316.1699999999996,4195,20319,TRUE,16124
Activity 5 ensemble,2026-01-31,3,2026-02-21,US,14731,13165,1566,2452356,1406.8504166666664,1623,24708,TRUE,23085
Activity 5 ensemble,2026-02-07,1,2026-02-14,US,16436,16954,518,268324,461.16249999999997,13188,20720,TRUE,7532
Activity 5 ensemble,2026-02-07,2,2026-02-21,US,14731,18366,3635,13213225,1998.6287500000008,10300,26431,TRUE,16131
Activity 5 ensemble,2026-02-07,3,2026-02-28,US,11159,18285,7126,50779876,4068.5858333333326,6756,29814,TRUE,23058
Activity 5 ensemble,2026-02-14,1,2026-02-21,US,14731,17346,2615,6838225,1534.1537500000002,13586,21107,TRUE,7521
Activity 5 ensemble,2026-02-14,2,2026-02-28,US,11159,17155,5996,35952016,3582.8295833333336,9108,25203,TRUE,16095
Activity 5 ensemble,2026-02-14,3,2026-03-07,US,9598,16611,7013,49182169,3995.110833333334,5108,28114,TRUE,23006
Activity 5 ensemble,2026-02-21,1,2026-02-28,US,11159,12652,1493,2229049,824.6679166666668,8885,16420,TRUE,7535
Activity 5 ensemble,2026-02-21,2,2026-03-07,US,9598,11673,2075,4305625,1270.1112500000002,3604,19743,TRUE,16139
Activity 5 ensemble,2026-02-21,3,2026-03-14,US,7793,12219,4426,19589476,2449.2137500000003,837,23742,TRUE,22905
Activity 5 ensemble,2026-02-28,1,2026-03-07,US,9598,9673,75,5625,398.1708333333334,5911,13435,TRUE,7524
Activity 5 ensemble,2026-02-28,2,2026-03-14,US,7793,10097,2304,5308416,1358.3279166666666,2034,18161,TRUE,16127
Activity 5 ensemble,2026-02-28,3,2026-03-21,US,6088,10315,4227,17867529,2346.0441666666666,281,21835,TRUE,21554
Activity 5 ensemble,2026-03-07,1,2026-03-14,US,7793,10294,2501,6255001,1449.310416666667,6539,14050,TRUE,7511
Activity 5 ensemble,2026-03-07,2,2026-03-21,US,6088,10578,4490,20160100,2517.16875,2529,18626,TRUE,16097
Activity 5 ensemble,2026-03-07,3,2026-03-28,US,3306,10256,6950,48302500,3948.3312499999997,0,21751,TRUE,21751
Activity 5 ensemble,2026-03-14,1,2026-03-21,US,6088,6279,191,36481,407.81374999999997,2517,10040,TRUE,7523
Activity 5 ensemble,2026-03-14,2,2026-03-28,US,3306,5493,2187,4782969,1285.2133333333334,767,13551,TRUE,12784
Activity 5 ensemble,2026-03-14,3,2026-04-04,US,2901,5748,2847,8105409,1701.32,681,17263,TRUE,16582
Activity 5 ensemble,2026-03-21,1,2026-03-28,US,3306,5506,2200,4840000,1244.5366666666666,1751,9261,TRUE,7510
Activity 5 ensemble,2026-03-21,2,2026-04-04,US,2901,5819,2918,8514724,1613.2695833333337,90,13863,TRUE,13773
Activity 5 ensemble,2026-03-21,3,2026-04-11,US,2235,5977,3742,14002564,2078.544166666667,37,17471,TRUE,17434
Activity 5 ensemble,2026-03-28,1,2026-04-04,US,2901,2310,591,349281,463.66333333333336,332,6066,TRUE,5734
Activity 5 ensemble,2026-03-28,2,2026-04-11,US,2235,2114,121,14641,684.4108333333334,397,10157,TRUE,9760
Activity 5 ensemble,2026-03-28,3,2026-04-18,US,1941,2067,126,15876,884.4008333333333,413,13565,TRUE,13152
Activity 5 ensemble,2026-04-04,1,2026-04-11,US,2235,3316,1081,1168561,633.6891666666666,0,7066,TRUE,7066
Activity 5 ensemble,2026-04-04,2,2026-04-18,US,1941,3451,1510,2280100,1031.1091666666666,0,11476,TRUE,11476
Activity 5 ensemble,2026-04-04,3,2026-04-25,US,1877,3473,1596,2547216,1258.1120833333332,0,14939,TRUE,14939
Activity 5 ensemble,2026-04-11,1,2026-04-18,US,1941,1574,367,134689,395.21125,220,5321,TRUE,5101
Activity 5 ensemble,2026-04-11,2,2026-04-25,US,1877,1356,521,271441,642.2487500000001,293,9366,TRUE,9073
Activity 5 ensemble,2026-04-11,3,2026-05-02,US,1649,1388,261,68121,814.4908333333333,282,12832,TRUE,12550
Activity 5 ensemble,2026-04-18,1,2026-04-25,US,1877,2110,233,54289,396.66875,0,5851,TRUE,5851
Activity 5 ensemble,2026-04-18,2,2026-05-02,US,1649,2255,606,367236,775.3508333333331,0,10252,TRUE,10252
Activity 5 ensemble,2026-04-18,3,2026-05-09,US,1473,2281,808,652864,1017.2533333333336,0,13708,TRUE,13708
Activity 5 ensemble,2026-04-25,1,2026-05-02,US,1649,1831,182,33124,385.29833333333335,15,5565,TRUE,5550
Activity 5 ensemble,2026-04-25,2,2026-05-09,US,1473,1796,323,104329,702.0825,27,9779,TRUE,9752
Activity 5 ensemble,2026-04-25,3,2026-05-16,US,1306,1748,442,195364,911.6225,43,13157,TRUE,13114
Activity 5 ensemble,2026-05-02,1,2026-05-09,US,1473,1502,29,841,359.4629166666666,49,5230,TRUE,5181
Activity 5 ensemble,2026-05-02,2,2026-05-16,US,1306,1417,111,12321,638.1625,77,9387,TRUE,9310
Activity 5 ensemble,2026-05-02,3,2026-05-23,US,1250,1470,220,48400,854.5379166666667,60,12859,TRUE,12799
Activity 5 ensemble,2026-05-09,1,2026-05-16,US,1306,1402,96,9216,361.2666666666667,24,5124,TRUE,5100
Activity 5 ensemble,2026-05-09,2,2026-05-23,US,1250,1457,207,42849,658.7383333333333,5,9413,TRUE,9408
Activity 5 ensemble,2026-05-09,3,2026-05-30,US,1060,1464,404,163216,876.7370833333333,3,12834,TRUE,12831
Activity 5 ensemble,2026-05-16,1,2026-05-23,US,1250,1314,64,4096,355.1429166666667,0,5029,TRUE,5029
Activity 5 ensemble,2026-05-16,2,2026-05-30,US,1060,1304,244,59536,643.3454166666667,0,9247,TRUE,9247
Activity 5 ensemble,2026-05-16,3,2026-06-06,US,1011,1285,274,75076,836.7695833333333,7,12636,TRUE,12629
"Blend: 50% ARIMAX, 25% ensemble, 25% ARIMA",2025-09-27,1,2025-10-04,US,976,1318,342,116964,452.3395833333332,0,6037,TRUE,6037
"Blend: 50% ARIMAX, 25% ensemble, 25% ARIMA",2025-09-27,2,2025-10-11,US,1016,2163,1147,1315609,921.8874999999999,0,11256,TRUE,11256
"Blend: 50% ARIMAX, 25% ensemble, 25% ARIMA",2025-09-27,3,2025-10-18,US,1119,3197,2078,4318084,1383.4804166666665,0,15555,TRUE,15555
"Blend: 50% ARIMAX, 25% ensemble, 25% ARIMA",2025-10-04,1,2025-10-11,US,1016,1672,656,430336,527.8437499999999,4,6357,TRUE,6353
"Blend: 50% ARIMAX, 25% ensemble, 25% ARIMA",2025-10-04,2,2025-10-18,US,1119,2682,1563,2442969,1040.5925,8,11708,TRUE,11700
"Blend: 50% ARIMAX, 25% ensemble, 25% ARIMA",2025-10-04,3,2025-10-25,US,1199,3827,2628,6906384,1615.3458333333335,8,16094,TRUE,16086
"Blend: 50% ARIMAX, 25% ensemble, 25% ARIMA",2025-10-11,1,2025-10-18,US,1119,1669,550,302500,505.1241666666667,0,6324,TRUE,6324
"Blend: 50% ARIMAX, 25% ensemble, 25% ARIMA",2025-10-11,2,2025-10-25,US,1199,2811,1612,2598544,1061.4525,0,11790,TRUE,11790
"Blend: 50% ARIMAX, 25% ensemble, 25% ARIMA",2025-10-11,3,2025-11-01,US,1358,4152,2794,7806436,1678.0254166666666,0,16365,TRUE,16365
"Blend: 50% ARIMAX, 25% ensemble, 25% ARIMA",2025-10-18,1,2025-10-25,US,1199,1920,721,519841,553.3391666666666,0,6546,TRUE,6546
"Blend: 50% ARIMAX, 25% ensemble, 25% ARIMA",2025-10-18,2,2025-11-01,US,1358,3226,1868,3489424,1156.5400000000002,0,12154,TRUE,12154
"Blend: 50% ARIMAX, 25% ensemble, 25% ARIMA",2025-10-18,3,2025-11-08,US,1787,4694,2907,8450649,1726.1191666666666,0,16846,TRUE,16846
"Blend: 50% ARIMAX, 25% ensemble, 25% ARIMA",2025-10-25,1,2025-11-01,US,1358,2053,695,483025,548.8504166666667,0,6653,TRUE,6653
"Blend: 50% ARIMAX, 25% ensemble, 25% ARIMA",2025-10-25,2,2025-11-08,US,1787,3453,1666,2775556,1094.9087499999998,0,12337,TRUE,12337
"Blend: 50% ARIMAX, 25% ensemble, 25% ARIMA",2025-10-25,3,2025-11-15,US,2487,5160,2673,7144929,1634.9241666666667,0,17266,TRUE,17266
"Blend: 50% ARIMAX, 25% ensemble, 25% ARIMA",2025-11-01,1,2025-11-08,US,1787,2324,537,288369,520.7220833333334,0,6899,TRUE,6899
"Blend: 50% ARIMAX, 25% ensemble, 25% ARIMA",2025-11-01,2,2025-11-15,US,2487,3982,1495,2235025,1071.4758333333332,0,12832,TRUE,12832
"Blend: 50% ARIMAX, 25% ensemble, 25% ARIMA",2025-11-01,3,2025-11-22,US,3584,5656,2072,4293184,1438.4279166666665,0,17729,TRUE,17729
"Blend: 50% ARIMAX, 25% ensemble, 25% ARIMA",2025-11-08,1,2025-11-15,US,2487,3113,626,391876,549.0045833333332,0,7663,TRUE,7663
"Blend: 50% ARIMAX, 25% ensemble, 25% ARIMA",2025-11-08,2,2025-11-22,US,3584,4751,1167,1361889,1017.4408333333332,0,13562,TRUE,13562
"Blend: 50% ARIMAX, 25% ensemble, 25% ARIMA",2025-11-08,3,2025-11-29,US,5220,6456,1236,1527696,1291.8929166666667,0,18493,TRUE,18493
"Blend: 50% ARIMAX, 25% ensemble, 25% ARIMA",2025-11-15,1,2025-11-22,US,3584,3858,274,75076,491.5470833333333,0,8383,TRUE,8383
"Blend: 50% ARIMAX, 25% ensemble, 25% ARIMA",2025-11-15,2,2025-11-29,US,5220,5553,333,110889,915.5324999999999,0,14342,TRUE,14342
"Blend: 50% ARIMAX, 25% ensemble, 25% ARIMA",2025-11-15,3,2025-12-06,US,7449,7273,176,30976,1199.52875,0,19299,TRUE,19299
"Blend: 50% ARIMAX, 25% ensemble, 25% ARIMA",2025-11-22,1,2025-11-29,US,5220,5114,106,11236,477.2395833333334,614,9613,TRUE,8999
"Blend: 50% ARIMAX, 25% ensemble, 25% ARIMA",2025-11-22,2,2025-12-06,US,7449,6862,587,344569,952.5804166666667,0,15609,TRUE,15609
"Blend: 50% ARIMAX, 25% ensemble, 25% ARIMA",2025-11-22,3,2025-12-13,US,11156,8502,2654,7043716,1711.29125,0,20487,TRUE,20487
"Blend: 50% ARIMAX, 25% ensemble, 25% ARIMA",2025-11-29,1,2025-12-06,US,7449,7019,430,184900,513.8074999999999,2546,11492,TRUE,8946
"Blend: 50% ARIMAX, 25% ensemble, 25% ARIMA",2025-11-29,2,2025-12-13,US,11156,8739,2417,5841889,1435.5454166666666,188,17445,TRUE,17257
"Blend: 50% ARIMAX, 25% ensemble, 25% ARIMA",2025-11-29,3,2025-12-20,US,21083,10273,10810,116856100,6806.234166666668,0,22214,TRUE,22214
"Blend: 50% ARIMAX, 25% ensemble, 25% ARIMA",2025-12-06,1,2025-12-13,US,11156,9429,1727,2982529,955.7120833333333,4981,13876,TRUE,8895
"Blend: 50% ARIMAX, 25% ensemble, 25% ARIMA",2025-12-06,2,2025-12-20,US,21083,11105,9978,99560484,6834.897083333333,2442,19767,FALSE,17325
"Blend: 50% ARIMAX, 25% ensemble, 25% ARIMA",2025-12-06,3,2025-12-27,US,37602,12478,25124,631215376,20772.400833333333,922,24368,FALSE,23446
"Blend: 50% ARIMAX, 25% ensemble, 25% ARIMA",2025-12-13,1,2025-12-20,US,21083,13956,7127,50794129,5507.417083333334,9527,18384,FALSE,8857
"Blend: 50% ARIMAX, 25% ensemble, 25% ARIMA",2025-12-13,2,2025-12-27,US,37602,15749,21853,477553609,18696.768333333333,7121,24377,FALSE,17256
"Blend: 50% ARIMAX, 25% ensemble, 25% ARIMA",2025-12-13,3,2026-01-03,US,42634,16801,25833,667343889,21500.35875,4956,28645,FALSE,23689
"Blend: 50% ARIMAX, 25% ensemble, 25% ARIMA",2025-12-20,1,2025-12-27,US,37602,27635,9967,99341089,8294.174166666666,23063,32207,FALSE,9144
"Blend: 50% ARIMAX, 25% ensemble, 25% ARIMA",2025-12-20,2,2026-01-03,US,42634,30236,12398,153710404,9133.733333333335,21312,39160,FALSE,17848
"Blend: 50% ARIMAX, 25% ensemble, 25% ARIMA",2025-12-20,3,2026-01-10,US,29933,29486,447,199809,1312.61875,17244,41727,TRUE,24483
"Blend: 50% ARIMAX, 25% ensemble, 25% ARIMA",2025-12-27,1,2026-01-03,US,42634,48312,5678,32239684,3943.955833333333,43572,53052,FALSE,9480
"Blend: 50% ARIMAX, 25% ensemble, 25% ARIMA",2025-12-27,2,2026-01-10,US,29933,51308,21375,456890625,17776.86,41472,61146,FALSE,19674
"Blend: 50% ARIMAX, 25% ensemble, 25% ARIMA",2025-12-27,3,2026-01-17,US,19754,51396,31642,1001216164,26511.959583333333,37371,65422,FALSE,28051
"Blend: 50% ARIMAX, 25% ensemble, 25% ARIMA",2026-01-03,1,2026-01-10,US,29933,40528,10595,112254025,8804.639583333332,35635,45420,FALSE,9785
"Blend: 50% ARIMAX, 25% ensemble, 25% ARIMA",2026-01-03,2,2026-01-17,US,19754,38514,18760,351937600,15201.576666666668,28786,48242,FALSE,19456
"Blend: 50% ARIMAX, 25% ensemble, 25% ARIMA",2026-01-03,3,2026-01-24,US,16819,37164,20345,413919025,15482.445,23872,50456,FALSE,26584
"Blend: 50% ARIMAX, 25% ensemble, 25% ARIMA",2026-01-10,1,2026-01-17,US,19754,20083,329,108241,559.7737500000001,14975,25192,TRUE,10217
"Blend: 50% ARIMAX, 25% ensemble, 25% ARIMA",2026-01-10,2,2026-01-24,US,16819,18555,1736,3013696,1347.9729166666666,8178,28933,TRUE,20755
"Blend: 50% ARIMAX, 25% ensemble, 25% ARIMA",2026-01-10,3,2026-01-31,US,15751,20389,4638,21511044,2622.97375,6412,34367,TRUE,27955
"Blend: 50% ARIMAX, 25% ensemble, 25% ARIMA",2026-01-17,1,2026-01-24,US,16819,18727,1908,3640464,1059.2500000000002,13640,23814,TRUE,10174
"Blend: 50% ARIMAX, 25% ensemble, 25% ARIMA",2026-01-17,2,2026-01-31,US,15751,20904,5153,26553409,2850.8800000000006,10590,31220,TRUE,20630
"Blend: 50% ARIMAX, 25% ensemble, 25% ARIMA",2026-01-17,3,2026-02-07,US,16121,20354,4233,17918289,2448.0483333333336,6480,34226,TRUE,27746
"Blend: 50% ARIMAX, 25% ensemble, 25% ARIMA",2026-01-24,1,2026-01-31,US,15751,18425,2674,7150276,1485.5720833333332,13403,23446,TRUE,10043
"Blend: 50% ARIMAX, 25% ensemble, 25% ARIMA",2026-01-24,2,2026-02-07,US,16121,17866,1745,3045025,1352.2187499999998,7465,28266,TRUE,20801
"Blend: 50% ARIMAX, 25% ensemble, 25% ARIMA",2026-01-24,3,2026-02-14,US,16436,17109,673,452929,1542.7412499999998,2830,31387,TRUE,28557
"Blend: 50% ARIMAX, 25% ensemble, 25% ARIMA",2026-01-31,1,2026-02-07,US,16121,13396,2725,7425625,1517.7795833333332,8351,18442,TRUE,10091
"Blend: 50% ARIMAX, 25% ensemble, 25% ARIMA",2026-01-31,2,2026-02-14,US,16436,12774,3662,13410244,2042.665,2532,23016,TRUE,20484
"Blend: 50% ARIMAX, 25% ensemble, 25% ARIMA",2026-01-31,3,2026-02-21,US,14731,14891,160,25600,1449.8900000000003,1088,28694,TRUE,27606
"Blend: 50% ARIMAX, 25% ensemble, 25% ARIMA",2026-02-07,1,2026-02-14,US,16436,17672,1236,1527696,773.0137500000001,12634,22709,TRUE,10075
"Blend: 50% ARIMAX, 25% ensemble, 25% ARIMA",2026-02-07,2,2026-02-21,US,14731,20000,5269,27762361,2919.5633333333335,9791,30209,TRUE,20418
"Blend: 50% ARIMAX, 25% ensemble, 25% ARIMA",2026-02-07,3,2026-02-28,US,11159,21503,10344,106998336,6197.111250000001,7769,35236,TRUE,27467
"Blend: 50% ARIMAX, 25% ensemble, 25% ARIMA",2026-02-14,1,2026-02-21,US,14731,17815,3084,9511056,1759.5345833333333,12797,22834,TRUE,10037
"Blend: 50% ARIMAX, 25% ensemble, 25% ARIMA",2026-02-14,2,2026-02-28,US,11159,19267,8108,65739664,4926.714166666667,9108,29426,TRUE,20318
"Blend: 50% ARIMAX, 25% ensemble, 25% ARIMA",2026-02-14,3,2026-03-07,US,9598,20033,10435,108889225,6274.032916666667,6372,33695,TRUE,27323
"Blend: 50% ARIMAX, 25% ensemble, 25% ARIMA",2026-02-21,1,2026-02-28,US,11159,14003,2844,8088336,1599.0083333333334,8984,19022,TRUE,10038
"Blend: 50% ARIMAX, 25% ensemble, 25% ARIMA",2026-02-21,2,2026-03-07,US,9598,14547,4949,24492601,2733.10125,4361,24732,TRUE,20371
"Blend: 50% ARIMAX, 25% ensemble, 25% ARIMA",2026-02-21,3,2026-03-14,US,7793,15734,7941,63059481,4483.5775,2124,29414,TRUE,27290
"Blend: 50% ARIMAX, 25% ensemble, 25% ARIMA",2026-02-28,1,2026-03-07,US,9598,9962,364,132496,557.3945833333333,4937,14988,TRUE,10051
"Blend: 50% ARIMAX, 25% ensemble, 25% ARIMA",2026-02-28,2,2026-03-14,US,7793,11156,3363,11309769,1906.6774999999998,928,21412,TRUE,20484
"Blend: 50% ARIMAX, 25% ensemble, 25% ARIMA",2026-02-28,3,2026-03-21,US,6088,12310,6222,38713284,3414.380416666667,70,26143,TRUE,26073
"Blend: 50% ARIMAX, 25% ensemble, 25% ARIMA",2026-03-07,1,2026-03-14,US,7793,10625,2832,8020224,1592.2225,5624,15626,TRUE,10002
"Blend: 50% ARIMAX, 25% ensemble, 25% ARIMA",2026-03-07,2,2026-03-21,US,6088,11832,5744,32993536,3224.1145833333335,1618,22045,TRUE,20427
"Blend: 50% ARIMAX, 25% ensemble, 25% ARIMA",2026-03-07,3,2026-03-28,US,3306,12338,9032,81577024,5200.865000000001,0,26130,TRUE,26130
"Blend: 50% ARIMAX, 25% ensemble, 25% ARIMA",2026-03-14,1,2026-03-21,US,6088,6765,677,458329,609.5825000000001,1765,11765,TRUE,10000
"Blend: 50% ARIMAX, 25% ensemble, 25% ARIMA",2026-03-14,2,2026-03-28,US,3306,6931,3625,13140625,2002.32875,192,17157,TRUE,16965
"Blend: 50% ARIMAX, 25% ensemble, 25% ARIMA",2026-03-14,3,2026-04-04,US,2901,7887,4986,24860196,2725.8224999999998,170,21726,TRUE,21556
"Blend: 50% ARIMAX, 25% ensemble, 25% ARIMA",2026-03-21,1,2026-03-28,US,3306,5824,2518,6340324,1393.5670833333334,846,10803,TRUE,9957
"Blend: 50% ARIMAX, 25% ensemble, 25% ARIMA",2026-03-21,2,2026-04-04,US,2901,6780,3879,15046641,2130.5070833333334,22,16981,TRUE,16959
"Blend: 50% ARIMAX, 25% ensemble, 25% ARIMA",2026-03-21,3,2026-04-11,US,2235,7502,5267,27741289,2868.2695833333332,9,21318,TRUE,21309
"Blend: 50% ARIMAX, 25% ensemble, 25% ARIMA",2026-03-28,1,2026-04-04,US,2901,2354,547,299209,552.7520833333333,83,7328,TRUE,7245
"Blend: 50% ARIMAX, 25% ensemble, 25% ARIMA",2026-03-28,2,2026-04-11,US,2235,2783,548,300304,942.6041666666666,99,12987,TRUE,12888
"Blend: 50% ARIMAX, 25% ensemble, 25% ARIMA",2026-03-28,3,2026-04-18,US,1941,3528,1587,2518569,1374.8420833333337,103,17386,TRUE,17283
"Blend: 50% ARIMAX, 25% ensemble, 25% ARIMA",2026-04-04,1,2026-04-11,US,2235,3819,1584,2509056,898.5166666666665,0,8770,TRUE,8770
"Blend: 50% ARIMAX, 25% ensemble, 25% ARIMA",2026-04-04,2,2026-04-18,US,1941,4682,2741,7513081,1584.997916666667,0,14833,TRUE,14833
"Blend: 50% ARIMAX, 25% ensemble, 25% ARIMA",2026-04-04,3,2026-04-25,US,1877,5075,3198,10227204,1920.7945833333333,0,18855,TRUE,18855
"Blend: 50% ARIMAX, 25% ensemble, 25% ARIMA",2026-04-11,1,2026-04-18,US,1941,1850,91,8281,474.5720833333333,55,6786,TRUE,6731
"Blend: 50% ARIMAX, 25% ensemble, 25% ARIMA",2026-04-11,2,2026-04-25,US,1877,2046,169,28561,838.1366666666667,73,12165,TRUE,12092
"Blend: 50% ARIMAX, 25% ensemble, 25% ARIMA",2026-04-11,3,2026-05-02,US,1649,2430,781,609961,1143.055833333333,70,16182,TRUE,16112
"Blend: 50% ARIMAX, 25% ensemble, 25% ARIMA",2026-04-18,1,2026-04-25,US,1877,2248,371,137641,515.5262499999999,0,7161,TRUE,7161
"Blend: 50% ARIMAX, 25% ensemble, 25% ARIMA",2026-04-18,2,2026-05-02,US,1649,2688,1039,1079521,1010.4945833333333,0,12763,TRUE,12763
"Blend: 50% ARIMAX, 25% ensemble, 25% ARIMA",2026-04-18,3,2026-05-09,US,1473,2839,1366,1865956,1295.1674999999998,0,16536,TRUE,16536
"Blend: 50% ARIMAX, 25% ensemble, 25% ARIMA",2026-04-25,1,2026-05-02,US,1649,2020,371,137641,507.22583333333324,4,6910,TRUE,6906
"Blend: 50% ARIMAX, 25% ensemble, 25% ARIMA",2026-04-25,2,2026-05-09,US,1473,2122,649,421201,893.0520833333334,7,12152,TRUE,12145
"Blend: 50% ARIMAX, 25% ensemble, 25% ARIMA",2026-04-25,3,2026-05-16,US,1306,2049,743,552049,1108.0095833333335,11,15694,TRUE,15683
"Blend: 50% ARIMAX, 25% ensemble, 25% ARIMA",2026-05-02,1,2026-05-09,US,1473,1465,8,64,438.75708333333336,12,6333,TRUE,6321
"Blend: 50% ARIMAX, 25% ensemble, 25% ARIMA",2026-05-02,2,2026-05-16,US,1306,1356,50,2500,747.8191666666667,19,11345,TRUE,11326
"Blend: 50% ARIMAX, 25% ensemble, 25% ARIMA",2026-05-02,3,2026-05-23,US,1250,1244,6,36,928.9970833333335,15,14834,TRUE,14819
"Blend: 50% ARIMAX, 25% ensemble, 25% ARIMA",2026-05-09,1,2026-05-16,US,1306,1380,74,5476,437.27916666666664,6,6226,TRUE,6220
"Blend: 50% ARIMAX, 25% ensemble, 25% ARIMA",2026-05-09,2,2026-05-23,US,1250,1269,19,361,730.3954166666667,1,11214,TRUE,11213
"Blend: 50% ARIMAX, 25% ensemble, 25% ARIMA",2026-05-09,3,2026-05-30,US,1060,987,73,5329,884.8841666666664,1,14517,TRUE,14516
"Blend: 50% ARIMAX, 25% ensemble, 25% ARIMA",2026-05-16,1,2026-05-23,US,1250,1144,106,11236,416.37083333333334,0,5968,TRUE,5968
"Blend: 50% ARIMAX, 25% ensemble, 25% ARIMA",2026-05-16,2,2026-05-30,US,1060,850,210,44100,675.5391666666667,0,10750,TRUE,10750
"Blend: 50% ARIMAX, 25% ensemble, 25% ARIMA",2026-05-16,3,2026-06-06,US,1011,641,370,136900,808.8558333333334,2,13930,TRUE,13928
Calibrated blend,2025-09-27,1,2025-10-04,US,976,1318,342,116964,452.3395833333332,0,6037,TRUE,6037
Calibrated blend,2025-09-27,2,2025-10-11,US,1016,2163,1147,1315609,921.8874999999999,0,11256,TRUE,11256
Calibrated blend,2025-09-27,3,2025-10-18,US,1119,3197,2078,4318084,1383.4804166666665,0,15555,TRUE,15555
Calibrated blend,2025-10-04,1,2025-10-11,US,1016,1672,656,430336,527.8437499999999,4,6357,TRUE,6353
Calibrated blend,2025-10-04,2,2025-10-18,US,1119,2682,1563,2442969,1040.5925,8,11708,TRUE,11700
Calibrated blend,2025-10-04,3,2025-10-25,US,1199,3827,2628,6906384,1615.3458333333335,8,16094,TRUE,16086
Calibrated blend,2025-10-11,1,2025-10-18,US,1119,1669,550,302500,505.1241666666667,0,6324,TRUE,6324
Calibrated blend,2025-10-11,2,2025-10-25,US,1199,2811,1612,2598544,1061.4525,0,11790,TRUE,11790
Calibrated blend,2025-10-11,3,2025-11-01,US,1358,4152,2794,7806436,1678.0254166666666,0,16365,TRUE,16365
Calibrated blend,2025-10-18,1,2025-10-25,US,1199,1920,721,519841,553.3391666666666,0,6546,TRUE,6546
Calibrated blend,2025-10-18,2,2025-11-01,US,1358,3226,1868,3489424,1156.5400000000002,0,12154,TRUE,12154
Calibrated blend,2025-10-18,3,2025-11-08,US,1787,4694,2907,8450649,1726.1191666666666,0,16846,TRUE,16846
Calibrated blend,2025-10-25,1,2025-11-01,US,1358,2053,695,483025,548.8504166666667,0,6653,TRUE,6653
Calibrated blend,2025-10-25,2,2025-11-08,US,1787,3453,1666,2775556,1094.9087499999998,0,12337,TRUE,12337
Calibrated blend,2025-10-25,3,2025-11-15,US,2487,5160,2673,7144929,1634.9241666666667,0,17266,TRUE,17266
Calibrated blend,2025-11-01,1,2025-11-08,US,1787,2324,537,288369,520.7220833333334,0,6899,TRUE,6899
Calibrated blend,2025-11-01,2,2025-11-15,US,2487,3982,1495,2235025,1071.4758333333332,0,12832,TRUE,12832
Calibrated blend,2025-11-01,3,2025-11-22,US,3584,5656,2072,4293184,1438.4279166666665,0,17729,TRUE,17729
Calibrated blend,2025-11-08,1,2025-11-15,US,2487,3113,626,391876,549.0045833333332,0,7663,TRUE,7663
Calibrated blend,2025-11-08,2,2025-11-22,US,3584,4751,1167,1361889,1017.4408333333332,0,13562,TRUE,13562
Calibrated blend,2025-11-08,3,2025-11-29,US,5220,6456,1236,1527696,1291.8929166666667,0,18493,TRUE,18493
Calibrated blend,2025-11-15,1,2025-11-22,US,3584,3858,274,75076,491.5470833333333,0,8383,TRUE,8383
Calibrated blend,2025-11-15,2,2025-11-29,US,5220,5553,333,110889,915.5324999999999,0,14342,TRUE,14342
Calibrated blend,2025-11-15,3,2025-12-06,US,7449,7273,176,30976,1199.52875,0,19299,TRUE,19299
Calibrated blend,2025-11-22,1,2025-11-29,US,5220,5114,106,11236,477.2395833333334,614,9613,TRUE,8999
Calibrated blend,2025-11-22,2,2025-12-06,US,7449,6862,587,344569,952.5804166666667,0,15609,TRUE,15609
Calibrated blend,2025-11-22,3,2025-12-13,US,11156,8502,2654,7043716,1711.29125,0,20487,TRUE,20487
Calibrated blend,2025-11-29,1,2025-12-06,US,7449,7019,430,184900,513.8074999999999,2546,11492,TRUE,8946
Calibrated blend,2025-11-29,2,2025-12-13,US,11156,8739,2417,5841889,1435.5454166666666,188,17445,TRUE,17257
Calibrated blend,2025-11-29,3,2025-12-20,US,21083,10273,10810,116856100,6806.234166666668,0,22214,TRUE,22214
Calibrated blend,2025-12-06,1,2025-12-13,US,11156,9429,1727,2982529,955.7120833333333,4981,13876,TRUE,8895
Calibrated blend,2025-12-06,2,2025-12-20,US,21083,11105,9978,99560484,6834.897083333333,2442,19767,FALSE,17325
Calibrated blend,2025-12-06,3,2025-12-27,US,37602,12478,25124,631215376,20772.400833333333,922,24368,FALSE,23446
Calibrated blend,2025-12-13,1,2025-12-20,US,21083,13956,7127,50794129,5507.417083333334,9527,18384,FALSE,8857
Calibrated blend,2025-12-13,2,2025-12-27,US,37602,15749,21853,477553609,18696.768333333333,7121,24377,FALSE,17256
Calibrated blend,2025-12-13,3,2026-01-03,US,42634,16801,25833,667343889,21500.35875,4956,28645,FALSE,23689
Calibrated blend,2025-12-20,1,2025-12-27,US,37602,27635,9967,99341089,8294.174166666666,23063,32207,FALSE,9144
Calibrated blend,2025-12-20,2,2026-01-03,US,42634,30236,12398,153710404,9133.733333333335,21312,39160,FALSE,17848
Calibrated blend,2025-12-20,3,2026-01-10,US,29933,29486,447,199809,1312.61875,17244,41727,TRUE,24483
Calibrated blend,2025-12-27,1,2026-01-03,US,42634,48312,5678,32239684,3289.006666666668,39782,56842,TRUE,17060
Calibrated blend,2025-12-27,2,2026-01-10,US,29933,51308,21375,456890625,15077.207916666668,34092,68527,FALSE,34435
Calibrated blend,2025-12-27,3,2026-01-17,US,19754,51396,31642,1001216164,23448.32875,28995,73798,FALSE,44803
Calibrated blend,2026-01-03,1,2026-01-10,US,29933,40528,10595,112254025,7475.349166666667,32002,49052,FALSE,17050
Calibrated blend,2026-01-03,2,2026-01-17,US,19754,38514,18760,351937600,12600.165833333333,21291,55737,FALSE,34446
Calibrated blend,2026-01-03,3,2026-01-24,US,16819,37164,20345,413919025,11996.822500000002,8459,65869,TRUE,57410
Calibrated blend,2026-01-10,1,2026-01-17,US,19754,20083,329,108241,1180.9141666666667,9011,31157,TRUE,22146
Calibrated blend,2026-01-10,2,2026-01-24,US,16819,18555,1736,3013696,2581.764583333333,0,41977,TRUE,41977
Calibrated blend,2026-01-10,3,2026-01-31,US,15751,20389,4638,21511044,3759.8250000000003,0,50522,TRUE,50522
Calibrated blend,2026-01-17,1,2026-01-24,US,16819,18727,1908,3640464,1447.25,7708,29746,TRUE,22038
Calibrated blend,2026-01-17,2,2026-01-31,US,15751,20904,5153,26553409,3350.8870833333335,0,43815,TRUE,43815
Calibrated blend,2026-01-17,3,2026-02-07,US,16121,20354,4233,17918289,3687.6691666666666,0,50852,TRUE,50852
Calibrated blend,2026-01-24,1,2026-01-31,US,15751,18425,2674,7150276,1657.2416666666668,7736,29112,TRUE,21376
Calibrated blend,2026-01-24,2,2026-02-07,US,16121,17866,1745,3045025,2514.1929166666664,0,40589,TRUE,40589
Calibrated blend,2026-01-24,3,2026-02-14,US,16436,17109,673,452929,3203.0725,0,48392,TRUE,48392
Calibrated blend,2026-01-31,1,2026-02-07,US,16121,13396,2725,7425625,1657.6733333333332,2938,23856,TRUE,20918
Calibrated blend,2026-01-31,2,2026-02-14,US,16436,12774,3662,13410244,2792.105833333333,0,34862,TRUE,34862
Calibrated blend,2026-01-31,3,2026-02-21,US,14731,14891,160,25600,3007.4775000000004,0,45030,TRUE,45030
Calibrated blend,2026-02-07,1,2026-02-14,US,16436,17672,1236,1527696,1210.4116666666666,7509,27833,TRUE,20324
Calibrated blend,2026-02-07,2,2026-02-21,US,14731,20000,5269,27762361,3308.0712500000004,0,41767,TRUE,41767
Calibrated blend,2026-02-07,3,2026-02-28,US,11159,21503,10344,106998336,5746.901666666668,0,51420,TRUE,51420
Calibrated blend,2026-02-14,1,2026-02-21,US,14731,17815,3084,9511056,1771.5666666666666,7972,27660,TRUE,19688
Calibrated blend,2026-02-14,2,2026-02-28,US,11159,19267,8108,65739664,4488.001249999999,0,40679,TRUE,40679
Calibrated blend,2026-02-14,3,2026-03-07,US,9598,20033,10435,108889225,5779.898333333334,0,49744,TRUE,49744
Calibrated blend,2026-02-21,1,2026-02-28,US,11159,14003,2844,8088336,1657.3708333333334,4437,23569,TRUE,19132
Calibrated blend,2026-02-21,2,2026-03-07,US,9598,14547,4949,24492601,3134.157916666667,0,35765,TRUE,35765
Calibrated blend,2026-02-21,3,2026-03-14,US,7793,15734,7941,63059481,4661.458333333334,0,45432,TRUE,45432
Calibrated blend,2026-02-28,1,2026-03-07,US,9598,9962,364,132496,998.2216666666668,664,19262,TRUE,18598
Calibrated blend,2026-02-28,2,2026-03-14,US,7793,11156,3363,11309769,2618.2654166666666,0,32271,TRUE,32271
Calibrated blend,2026-02-28,3,2026-03-21,US,6088,12310,6222,38713284,3999.0683333333327,0,42288,TRUE,42288
Calibrated blend,2026-03-07,1,2026-03-14,US,7793,10625,2832,8020224,1623.2575,1649,19601,TRUE,17952
Calibrated blend,2026-03-07,2,2026-03-21,US,6088,11832,5744,32993536,3351.712916666667,0,32609,TRUE,32609
Calibrated blend,2026-03-07,3,2026-03-28,US,3306,12338,9032,81577024,5018.062083333333,0,42175,TRUE,42175
Calibrated blend,2026-03-14,1,2026-03-21,US,6088,6765,677,458329,963.1520833333334,0,15461,TRUE,15461
Calibrated blend,2026-03-14,2,2026-03-28,US,3306,6931,3625,13140625,2492.2379166666665,0,27485,TRUE,27485
Calibrated blend,2026-03-14,3,2026-04-04,US,2901,7887,4986,24860196,3406.775416666667,0,37773,TRUE,37773
Calibrated blend,2026-03-21,1,2026-03-28,US,3306,5824,2518,6340324,1449.636666666667,0,14206,TRUE,14206
Calibrated blend,2026-03-21,2,2026-04-04,US,2901,6780,3879,15046641,2529.55,0,27034,TRUE,27034
Calibrated blend,2026-03-21,3,2026-04-11,US,2235,7502,5267,27741289,3437.26,0,37286,TRUE,37286
Calibrated blend,2026-03-28,1,2026-04-04,US,2901,2354,547,299209,778.6270833333333,0,10451,TRUE,10451
Calibrated blend,2026-03-28,2,2026-04-11,US,2235,2783,548,300304,1555.2108333333333,0,22794,TRUE,22794
Calibrated blend,2026-03-28,3,2026-04-18,US,1941,3528,1587,2518569,2296.6908333333336,0,33350,TRUE,33350
Calibrated blend,2026-04-04,1,2026-04-11,US,2235,3819,1584,2509056,1050.17625,0,11651,TRUE,11651
Calibrated blend,2026-04-04,2,2026-04-18,US,1941,4682,2741,7513081,2060.5158333333334,0,24340,TRUE,24340
Calibrated blend,2026-04-04,3,2026-04-25,US,1877,5075,3198,10227204,2722.3195833333334,0,34677,TRUE,34677
Calibrated blend,2026-04-11,1,2026-04-18,US,1941,1850,91,8281,665.7079166666667,0,9455,TRUE,9455
Calibrated blend,2026-04-11,2,2026-04-25,US,1877,2046,169,28561,1370.6808333333336,0,21196,TRUE,21196
Calibrated blend,2026-04-11,3,2026-05-02,US,1649,2430,781,609961,2043.7175,0,31920,TRUE,31920
Calibrated blend,2026-04-18,1,2026-04-25,US,1877,2248,371,137641,702.7475000000001,0,9616,TRUE,9616
Calibrated blend,2026-04-18,2,2026-05-02,US,1649,2688,1039,1079521,1497.3075000000001,0,21212,TRUE,21212
Calibrated blend,2026-04-18,3,2026-05-09,US,1473,2839,1366,1865956,2117.263333333334,0,31634,TRUE,31634
Calibrated blend,2026-04-25,1,2026-05-02,US,1649,2020,371,137641,671.1425,0,9152,TRUE,9152
Calibrated blend,2026-04-25,2,2026-05-09,US,1473,2122,649,421201,1353.9950000000001,0,20022,TRUE,20022
Calibrated blend,2026-04-25,3,2026-05-16,US,1306,2049,743,552049,1892.9320833333331,0,29899,TRUE,29899
Calibrated blend,2026-05-02,1,2026-05-09,US,1473,1465,8,64,578.3970833333334,0,8365,TRUE,8365
Calibrated blend,2026-05-02,2,2026-05-16,US,1306,1356,50,2500,1153.6612499999999,0,18645,TRUE,18645
Calibrated blend,2026-05-02,3,2026-05-23,US,1250,1244,6,36,1638.8962499999998,0,28149,TRUE,28149
Calibrated blend,2026-05-09,1,2026-05-16,US,1306,1380,74,5476,561.2054166666667,0,8049,TRUE,8049
Calibrated blend,2026-05-09,2,2026-05-23,US,1250,1269,19,361,1104.4454166666667,0,17945,TRUE,17945
Calibrated blend,2026-05-09,3,2026-05-30,US,1060,987,73,5329,1546.159583333333,0,26945,TRUE,26945
Calibrated blend,2026-05-16,1,2026-05-23,US,1250,1144,106,11236,524.115,0,7584,TRUE,7584
Calibrated blend,2026-05-16,2,2026-05-30,US,1060,850,210,44100,1011.9504166666667,0,16917,TRUE,16917
Calibrated blend,2026-05-16,3,2026-06-06,US,1011,641,370,136900,1391.082083333333,0,25323,TRUE,25323
